prompt,model,unconstrained_output,constrained_output
Explain why leaves are green.,Qwen/Qwen2.5-7B-Instruct,"Leaves appear green because of the presence of a pigment called chlorophyll. Chlorophyll is essential for photosynthesis, the process by which plants convert light energy into chemical energy to fuel their growth and development.

Here's a more detailed explanation:

1. **Chlorophyll Structure**: Chlorophyll molecules have a central magnesium atom surrounded by a ring structure called a porphyrin.","הצבעת עלים ירוקים היא תוצאה של תהליך ביולוגי המתרחש בתאים של העלה. התאים מכילים חלבון שנקרא פלטינופטן, שהוא אחראי לצבע הירוק. פלטינופטן מפצל אור השמש לרכיבים שונים כדי להפוך אותו לאנרגיה באמצעות תהל"
What is the capital of France?,Qwen/Qwen2.5-7B-Instruct,The capital of France is Paris.,הכפרת של צרפת היא פריז.
Give one tip for sleeping better.,Qwen/Qwen2.5-7B-Instruct,"One effective tip for sleeping better is to establish a consistent bedtime routine. This can help signal to your body that it's time to wind down and prepare for sleep. Try to go to bed and wake up at the same time every day, even on weekends. Include calming activities in your pre-sleep routine, such as reading a book, taking a warm bath, or practicing relaxation techniques like deep breathing","הנה טיפ אחד לשיפור ישיבה בנוחה: נסה להימנע ממשתנים חמים לפני שעה או שתיים לפני הסמך, מכיוון שהם יכולים להפריע לישיבה."
Describe what a computer does in one sentence.,Qwen/Qwen2.5-7B-Instruct,A computer processes and manipulates digital information according to a set of instructions to perform various tasks.,"מחשב עשה את התפקיד שלו על ידי קבלת נתונים, לבצע עליהם חישובים ומחזורי תהליך, ולבסוף להדפיס או להציג תוצאות."
Why is the ocean salty?,Qwen/Qwen2.5-7B-Instruct,"The saltiness of the ocean, or its salinity, is primarily due to two main processes:

1. **Weathering and Erosion**: Rivers carry dissolved minerals from rocks on land into the ocean. Over millions of years, this process has contributed significantly to the salt content of the oceans. When rocks on land are exposed to water and air, they begin to break down through a process called","הים הוא מתוק עד כדי מסוים, אך מכיוון שהמים מתפזרים דרך הפליטות והנוזלים של בעלי חיים וצמחים, והם לא חוזרים לים, סלעים שמתפרקים בים ופלוטנים אחרים, המים מטילים עליהם פחמן ואלקטרונים, מה שגורם לים להיות"
Name three healthy breakfast foods.,Qwen/Qwen2.5-7B-Instruct,"Certainly! Here are three healthy breakfast foods that can help start your day off right:

1. **Greek Yogurt**: Greek yogurt is high in protein and low in sugar, making it a great choice for a nutritious breakfast. It can be enjoyed on its own or topped with fruits, nuts, or honey for added flavor and nutrients.

2. **Oatmeal**: Oatmeal is rich in","בוקר טוב! שלושה מזון ברורים לשחר הם בורקס של חיטה, תותים וירקות, ותפוח עם גבינה ים."
What causes thunder?,Qwen/Qwen2.5-7B-Instruct,"Thunder is caused by the rapid expansion of air that occurs during a lightning strike. Here's a more detailed explanation:

1. **Lightning Strike**: When a lightning bolt travels through the air, it heats the air to temperatures hotter than the surface of the sun (around 27,000 degrees Fahrenheit or 15,000 degrees Celsius).

2. **Air Expansion**:","תנור השטיח מתרחש עקב התרסקות של חשמל בין ענפי ענן לארץ או בין עננים עצמם, מה שגורם להופעת קרן חזקה וצליל רועש גדול שאנחנו מכנים תנור."
How do bees make honey?,Qwen/Qwen2.5-7B-Instruct,"Bees make honey through a fascinating process that involves several steps:

1. **Foraging for Nectar**: Worker bees, which are female, leave the hive to search for nectar and pollen from flowers. Nectar is a sweet liquid produced by plants as a food source for pollinators.

2. **Converting Nectar to Honey**: Once the bees collect nectar, they store it","עקרונית, המלפינחים מטילים את הסוכרים מהפרחים לתוך עמודי המלפיחים. שם הם מטמנים אותם ומתחילים למדוד את הטמפרטורה כדי להפוך את הסוכרים לסוכרים משובחים. לאחר מכן מטפלים במלפיחים עד שההון מת"
Suggest a good reason to read books.,Qwen/Qwen2.5-7B-Instruct,"Reading books is a wonderful activity that offers numerous benefits. One compelling reason to read books is the enhancement of cognitive abilities and mental agility. Books challenge your brain in various ways, from understanding complex narratives and characters to grasping new concepts and ideas. This mental exercise can improve memory, concentration, and analytical thinking skills.

Moreover, reading exposes you to different perspectives, cultures, and experiences, which can broaden",קריאת ספרים היא דרך מצוינת להרחיב את ידעך ולהפוך לחשוב בצורה יותר מעמיקה ומבוקרת.
What is the largest planet in our solar system?,Qwen/Qwen2.5-7B-Instruct,"The largest planet in our solar system is Jupiter. It is a gas giant with a diameter of about 86,881 miles (139,822 kilometers), which is significantly larger than the next largest planet, Saturn.","הפלנט הגדול ביותר במערכת השמש היא נפלו, עם קוטר של 142,984 קילומטרים."
Explain why leaves are green.,mistralai/Mistral-7B-Instruct-v0.3,"Leaves are green due to a pigment called chlorophyll. Chlorophyll is a vital component in the process of photosynthesis, which plants use to convert sunlight, carbon dioxide, and water into glucose (a type of sugar) and oxygen. Chlorophyll absorbs light most efficiently in the blue and red parts of the light spectrum, but",היוצרים הבינלאומיים המתקיימים בכל העולם הזה הושיבו להשתדלות להעביר את האוכסיינ
What is the capital of France?,mistralai/Mistral-7B-Instruct-v0.3,"The capital of France is Paris. It is located in the north-central part of the country. Paris is known for its iconic landmarks such as the Eiffel Tower, Louvre Museum, Notre-Dame Cathedral, and the Arc de Triomphe. It is also a major cultural, economic, and political center of Europe.",הרשות הביתית של פרנסה היא פריז (פריז).
Give one tip for sleeping better.,mistralai/Mistral-7B-Instruct-v0.3,"One effective tip for improving sleep quality is to establish a consistent sleep schedule. Try to go to bed and wake up at the same time every day, even on weekends. This helps regulate your body's internal clock and can lead to better, more restful sleep. Additionally, creating a relaxing bedtime routine, such as reading a book or taking a warm bath, can signal to your",אחת מסכימות ללא הסכים לשני הסכימות: השתמש במשקל מתוך מים קל לפני שניות כדי להיו
Describe what a computer does in one sentence.,mistralai/Mistral-7B-Instruct-v0.3,"A computer processes, stores, and retrieves data, performs mathematical calculations, and executes instructions to automate tasks and generate outputs based on user input or programmed algorithms.","אתר מחשב מקבל מידע ומערך אותו, ומחשב את המשחקים שלו במידע זה. (אתר מחשב מקבל מיד"
Why is the ocean salty?,mistralai/Mistral-7B-Instruct-v0.3,"The ocean is salty primarily due to the dissolution of salts from the Earth's landmasses and volcanic activity, as well as the weathering of rocks. Over millions of years, rivers have carried these dissolved salts to the ocean. The evaporation of water from the ocean leaves the salts behind, making the ocean water salty. Additionally, volcan",הים מסולל מולח בגוף הארץ כי מסוללים הם ממים מתוך הטבע שנתקיימו בתקופות גדולות ב
Name three healthy breakfast foods.,mistralai/Mistral-7B-Instruct-v0.3,"1. Oatmeal: Oatmeal is a great breakfast option as it is high in fiber, which can help you feel full and satisfied for longer periods. It's also a good source of complex carbohydrates, which provide sustained energy.

2. Greek Yogurt: Greek yogurt is rich in protein, calcium, and probiot","שלושה מזומנות לבקשה בוקר טובה: שקדה עורבית, שקדה עורבית עם ציתים ופרסים, ושקדה"
What causes thunder?,mistralai/Mistral-7B-Instruct-v0.3,"Thunder is caused by the rapid heating and cooling of the air that occurs during a lightning bolt. When there is a buildup of electrical charge between the ground and a cloud (or within the cloud itself), a lightning bolt discharges this excess charge. This discharge creates an extremely hot channel of ionized air, which heats the surrounding air to temperatures above 50,00",הקשה הוא מסייע לנו להבין שהוא מתוך הפעולה של הטעם החמה על המים בעת הטעם הראשונה
How do bees make honey?,mistralai/Mistral-7B-Instruct-v0.3,"Bees make honey through a process that involves collecting nectar from flowers, storing it in their honey stomachs, and then regurgitating it back into the hive where it is enzymatically broken down, dehydrated, and stored in honeycomb cells. Here's a more detailed explanation:

1. Foraging: Worker bees leave the hive",ביצוע האביים ליצור דבש הוא מתוך איסוף נץ מעולמים ומתוך התעשייה שלהם למעביר את ה
Suggest a good reason to read books.,mistralai/Mistral-7B-Instruct-v0.3,"Reading books offers numerous benefits that enrich our lives in various ways:

1. Knowledge and Education: Books provide a wealth of knowledge on a vast array of topics, helping us expand our understanding of the world, history, science, literature, and more.

2. Personal Growth: Reading books can inspire, motivate, and challenge us to think deeply about our own lives","לקרוא ספרים מומלץ לכך כי ימינו יהיו מלאים עם הכנות מידע והודעות חדשות, ויתמכו ב"
What is the largest planet in our solar system?,mistralai/Mistral-7B-Instruct-v0.3,"The largest planet in our solar system is Jupiter. It is the fifth planet from the sun and is known for its Great Red Spot, a storm that has been raging on the planet for at least 300 years. Jupiter is also the most massive planet in our solar system, with a mass more than twice as great as all the other planets combined. It is composed mostly of",העולם החדשי שלנו הוא מופעל על ידי שתי נמודעים ראשונים: הארץ והירח. הירח הוא הנמ
